{
  "color-primary-100": "#D3E7FE",
  "color-primary-200": "#A7CCFE",
  "color-primary-300": "#7BAFFE",
  "color-primary-400": "#5A95FD",
  "color-primary-500": "#246BFD",
  "color-primary-600": "#1A52D9",
  "color-primary-700": "#123CB6",
  "color-primary-800": "#0B2A92",
  "color-primary-900": "#061C79",
  "color-primary-transparent-100": "rgba(36, 107, 253, 0.08)",
  "color-primary-transparent-200": "rgba(36, 107, 253, 0.16)",
  "color-primary-transparent-300": "rgba(36, 107, 253, 0.24)",
  "color-primary-transparent-400": "rgba(36, 107, 253, 0.32)",
  "color-primary-transparent-500": "rgba(36, 107, 253, 0.4)",
  "color-primary-transparent-600": "rgba(36, 107, 253, 0.48)",
  "color-success-100": "#E2FBDE",
  "color-success-200": "#C1F8BD",
  "color-success-300": "#98EC9C",
  "color-success-400": "#79DA86",
  "color-success-500": "#4FC26A",
  "color-success-600": "#39A65D",
  "color-success-700": "#278B52",
  "color-success-800": "#197046",
  "color-success-900": "#0F5D3F",
  "color-success-transparent-100": "rgba(79, 194, 106, 0.08)",
  "color-success-transparent-200": "rgba(79, 194, 106, 0.16)",
  "color-success-transparent-300": "rgba(79, 194, 106, 0.24)",
  "color-success-transparent-400": "rgba(79, 194, 106, 0.32)",
  "color-success-transparent-500": "rgba(79, 194, 106, 0.4)",
  "color-success-transparent-600": "rgba(79, 194, 106, 0.48)",
  "color-info-100": "#D9FEF8",
  "color-info-200": "#B4FEF8",
  "color-info-300": "#8EFDFC",
  "color-info-400": "#71F1FB",
  "color-info-500": "#43DEF9",
  "color-info-600": "#30B0D6",
  "color-info-700": "#2187B3",
  "color-info-800": "#156190",
  "color-info-900": "#0C4677",
  "color-info-transparent-100": "rgba(67, 222, 249, 0.08)",
  "color-info-transparent-200": "rgba(67, 222, 249, 0.16)",
  "color-info-transparent-300": "rgba(67, 222, 249, 0.24)",
  "color-info-transparent-400": "rgba(67, 222, 249, 0.32)",
  "color-info-transparent-500": "rgba(67, 222, 249, 0.4)",
  "color-info-transparent-600": "rgba(67, 222, 249, 0.48)",
  "color-warning-100": "#FEFBD8",
  "color-warning-200": "#FEF5B2",
  "color-warning-300": "#FDEE8C",
  "color-warning-400": "#FBE76F",
  "color-warning-500": "#F9DB40",
  "color-warning-600": "#D6B82E",
  "color-warning-700": "#B39620",
  "color-warning-800": "#907614",
  "color-warning-900": "#775E0C",
  "color-warning-transparent-100": "rgba(249, 219, 64, 0.08)",
  "color-warning-transparent-200": "rgba(249, 219, 64, 0.16)",
  "color-warning-transparent-300": "rgba(249, 219, 64, 0.24)",
  "color-warning-transparent-400": "rgba(249, 219, 64, 0.32)",
  "color-warning-transparent-500": "rgba(249, 219, 64, 0.4)",
  "color-warning-transparent-600": "rgba(249, 219, 64, 0.48)",
  "color-danger-100": "#FED8CB",
  "color-danger-200": "#FEA998",
  "color-danger-300": "#FC6F65",
  "color-danger-400": "#FA3E42",
  "color-danger-500": "#F7001C",
  "color-danger-600": "#D4002B",
  "color-danger-700": "#B10034",
  "color-danger-800": "#8F0037",
  "color-danger-900": "#760039",
  "color-danger-transparent-100": "rgba(247, 0, 28, 0.08)",
  "color-danger-transparent-200": "rgba(247, 0, 28, 0.16)",
  "color-danger-transparent-300": "rgba(247, 0, 28, 0.24)",
  "color-danger-transparent-400": "rgba(247, 0, 28, 0.32)",
  "color-danger-transparent-500": "rgba(247, 0, 28, 0.4)",
  "color-danger-transparent-600": "rgba(247, 0, 28, 0.48)",

  "color-basic-600": "#718FAA",
  "color-basic-800": "#313B44",

  "background-basic-color-1": "$color-basic-800",
  "background-basic-color-2": "$color-basic-900",
  "background-basic-color-3": "$color-basic-1000",
  "background-basic-color-4": "$color-basic-1100",
  "background-alternative-color-1": "$color-basic-100",
  "background-alternative-color-2": "$color-basic-200",
  "background-alternative-color-3": "$color-basic-300",
  "background-alternative-color-4": "$color-basic-400",
  "border-basic-color-1": "$color-basic-800",
  "border-basic-color-2": "$color-basic-900",
  "border-basic-color-3": "$color-basic-1000",
  "border-basic-color-4": "$color-basic-1100",
  "border-basic-color-5": "$color-basic-1100",

  "text-hint-color": "$color-basic-500"
}
